{"cameraMode":{"drawMode":0,"name":"Shaded","section":"Shading Mode"},"sceneLighting":true,"audioPlay":false,"sceneViewState":{"m_AlwaysRefresh":false,"showFog":true,"showSkybox":true,"showFlares":true,"showImageEffects":true,"showParticleSystems":true,"showVisualEffectGraphs":true,"m_FxEnabled":true},"in2DMode":false,"pivot":{"x":14.52265739440918,"y":25.96834945678711,"z":-3.8382530212402345},"rotation":{"x":0.04638167843222618,"y":0.9521172642707825,"z":-0.18449176847934724,"w":0.23936256766319276},"size":2.849705457687378,"orthographic":false}