{"cameraMode":{"drawMode":0,"name":"Shaded","section":"Shading Mode"},"sceneLighting":true,"audioPlay":false,"sceneViewState":{"m_AlwaysRefresh":false,"showFog":true,"showSkybox":true,"showFlares":true,"showImageEffects":true,"showParticleSystems":true,"showVisualEffectGraphs":true,"m_FxEnabled":true},"in2DMode":false,"pivot":{"x":-20.624975204467775,"y":27.86809730529785,"z":-145.98709106445313},"rotation":{"x":0.33364805579185488,"y":0.43606993556022646,"z":-0.17817865312099458,"w":0.8165646195411682},"size":17.178762435913087,"orthographic":false}